
INSERT [dbo].[CovidXUser] ([Id], [Avatar], [IsActive], [UserType], [UserName], [NormalizedUserName], [Email], [NormalizedEmail], [EmailConfirmed], [PasswordHash], [SecurityStamp], [ConcurrencyStamp], [PhoneNumber], [PhoneNumberConfirmed], [TwoFactorEnabled], [LockoutEnd], [LockoutEnabled], [AccessFailedCount]) VALUES (N'03cec2e5-888a-4a7c-a435-03eb22b0fbe6', NULL, 1, N'P', N'charmaine@gmail.com', N'CHARMAINE@GMAIL.COM', N'charmaine@gmail.com', N'CHARMAINE@GMAIL.COM', 0, N'AQAAAAEAACcQAAAAEKDhzeQSeJX9o4zmXpcqkJ9aXO3nPEsPeR6SF+fQXFIPfWvd2zMPfVHuUdsLbkJs6g==', N'OQ6MDGGFFFHNCKWTMR45SE4XOO3SMDXR', N'aa7c8d4e-3a0d-475b-9138-dccf4b5881ee', NULL, 0, 0, NULL, 1, 0)
GO
INSERT [dbo].[CovidXUser] ([Id], [Avatar], [IsActive], [UserType], [UserName], [NormalizedUserName], [Email], [NormalizedEmail], [EmailConfirmed], [PasswordHash], [SecurityStamp], [ConcurrencyStamp], [PhoneNumber], [PhoneNumberConfirmed], [TwoFactorEnabled], [LockoutEnd], [LockoutEnabled], [AccessFailedCount]) VALUES (N'1320196b-a77c-429c-b10e-bd2260e3979c', NULL, 1, N'P', N'alyce@gmail.com', N'ALYCE@GMAIL.COM', N'alyce@gmail.com', N'ALYCE@GMAIL.COM', 0, N'AQAAAAEAACcQAAAAEAVlrf9mLxpqEWDF1vOdB+9LdYP0NM05kHf9PmgFUZBD3LO7YNbM7rQnvJEfJGeC4g==', N'LNDANKLEA4C43TVINJ3ZCLBREWGGRIDF', N'aca35289-9c4f-4fa5-87e4-2a1c8da08a36', NULL, 0, 0, NULL, 1, 0)
GO
INSERT [dbo].[CovidXUser] ([Id], [Avatar], [IsActive], [UserType], [UserName], [NormalizedUserName], [Email], [NormalizedEmail], [EmailConfirmed], [PasswordHash], [SecurityStamp], [ConcurrencyStamp], [PhoneNumber], [PhoneNumberConfirmed], [TwoFactorEnabled], [LockoutEnd], [LockoutEnabled], [AccessFailedCount]) VALUES (N'233ca6e9-9697-4f03-9b01-d20e4db76b41', NULL, 1, N'P', N'errol@gmail.com', N'ERROL@GMAIL.COM', N'errol@gmail.com', N'ERROL@GMAIL.COM', 0, N'AQAAAAEAACcQAAAAEP3fPjaMzModyPHigbDL9NkuWNt0YFKdPKI/5CLVDsm399b4oC+CZkqlkYZvHArixw==', N'TMNZC4XU5KR4FXB62ABK7NTO6KQMVHCQ', N'ee79e7b1-1711-4c80-9078-22ec416099ca', NULL, 0, 0, NULL, 1, 0)
GO
INSERT [dbo].[CovidXUser] ([Id], [Avatar], [IsActive], [UserType], [UserName], [NormalizedUserName], [Email], [NormalizedEmail], [EmailConfirmed], [PasswordHash], [SecurityStamp], [ConcurrencyStamp], [PhoneNumber], [PhoneNumberConfirmed], [TwoFactorEnabled], [LockoutEnd], [LockoutEnabled], [AccessFailedCount]) VALUES (N'30fb49a6-9b10-468b-9181-457568111ae1', NULL, 1, N'P', N'kabelo@gmail.com', N'KABELO@GMAIL.COM', N'kabelo@gmail.com', N'KABELO@GMAIL.COM', 0, N'AQAAAAEAACcQAAAAEAcUSIAbT8W1XMgdDjr+Cil9gMEDMo5AL/8142IOTNYHr0n9sR2KBYEFfRHvdX3izg==', N'EI664KEJAMTQVFC6JU6GHYMOVNFQPGBC', N'b5113357-b3b0-4a8e-942e-25a31eddb983', NULL, 0, 0, NULL, 1, 0)
GO
INSERT [dbo].[CovidXUser] ([Id], [Avatar], [IsActive], [UserType], [UserName], [NormalizedUserName], [Email], [NormalizedEmail], [EmailConfirmed], [PasswordHash], [SecurityStamp], [ConcurrencyStamp], [PhoneNumber], [PhoneNumberConfirmed], [TwoFactorEnabled], [LockoutEnd], [LockoutEnabled], [AccessFailedCount]) VALUES (N'391f693d-644d-4935-95ae-c8e50062b987', NULL, 1, N'P', N'felicity@gmail.com', N'FELICITY@GMAIL.COM', N'felicity@gmail.com', N'FELICITY@GMAIL.COM', 0, N'AQAAAAEAACcQAAAAEA8YozOPOy3KIb2OJF50lqhlCX4HHT9+gU2apeNKIpBhdZAZ+rY0gQTzEsiHDHsR8w==', N'FUUX2LSH42KJ3K5HCFSEZUE2RCGC4HKJ', N'3df22df3-097d-4f34-b57a-9a3493fb8475', NULL, 0, 0, NULL, 1, 0)
GO
INSERT [dbo].[CovidXUser] ([Id], [Avatar], [IsActive], [UserType], [UserName], [NormalizedUserName], [Email], [NormalizedEmail], [EmailConfirmed], [PasswordHash], [SecurityStamp], [ConcurrencyStamp], [PhoneNumber], [PhoneNumberConfirmed], [TwoFactorEnabled], [LockoutEnd], [LockoutEnabled], [AccessFailedCount]) VALUES (N'4021c065-e9dc-4eac-a55a-c4da9aa92ff3', NULL, 1, N'P', N'jacob@gmail.com', N'JACOB@GMAIL.COM', N'jacob@gmail.com', N'JACOB@GMAIL.COM', 0, N'AQAAAAEAACcQAAAAEBfk5qQrQELB9w01xaam7qUSXu4WdIU1f0MLhH/PUKpZpWThhjOnmwytyg9mAet3xg==', N'YXOOBM6UCG34MDGFMUIJCMYKEENN3AJ2', N'cf4616e9-3601-43e1-8260-859bdae6dcb6', NULL, 0, 0, NULL, 1, 0)
GO
INSERT [dbo].[CovidXUser] ([Id], [Avatar], [IsActive], [UserType], [UserName], [NormalizedUserName], [Email], [NormalizedEmail], [EmailConfirmed], [PasswordHash], [SecurityStamp], [ConcurrencyStamp], [PhoneNumber], [PhoneNumberConfirmed], [TwoFactorEnabled], [LockoutEnd], [LockoutEnabled], [AccessFailedCount]) VALUES (N'42412d47-3da8-4e21-beef-83555c3a7186', NULL, 1, N'P', N'carlos@gmail.com', N'CARLOS@GMAIL.COM', N'carlos@gmail.com', N'CARLOS@GMAIL.COM', 0, N'AQAAAAEAACcQAAAAELvl9asJv/bh++azgRIQPVx5D/NrvxFU8bweXpRtUk2H0l+dZYicoZ5gWoIsSbU7KQ==', N'HJ7ZYK6PEXAOS7ENXRXMERT5KRRYSR3E', N'b77c16d9-9c27-41a5-81cf-a59daa77ddbf', NULL, 0, 0, NULL, 1, 0)
GO
INSERT [dbo].[CovidXUser] ([Id], [Avatar], [IsActive], [UserType], [UserName], [NormalizedUserName], [Email], [NormalizedEmail], [EmailConfirmed], [PasswordHash], [SecurityStamp], [ConcurrencyStamp], [PhoneNumber], [PhoneNumberConfirmed], [TwoFactorEnabled], [LockoutEnd], [LockoutEnabled], [AccessFailedCount]) VALUES (N'431f6523-88b4-463e-a09e-6e174e09f6fa', NULL, 1, N'N', N'lindile@gmail.com', N'LINDILE@GMAIL.COM', N'lindile@gmail.com', N'LINDILE@GMAIL.COM', 0, N'AQAAAAEAACcQAAAAEKGAi/T/orvyGcOxzNcL/MHE3N3ts/swO2PCINILUo3dhQ0sNCBECKi4ePxpvIM/Jw==', N'NHYSACJUF4TAD4GSYTJRH4GW4NVV45FL', N'5fc372e0-ed34-4c4e-8de1-e42c0e711eed', NULL, 0, 0, NULL, 1, 0)
GO
INSERT [dbo].[CovidXUser] ([Id], [Avatar], [IsActive], [UserType], [UserName], [NormalizedUserName], [Email], [NormalizedEmail], [EmailConfirmed], [PasswordHash], [SecurityStamp], [ConcurrencyStamp], [PhoneNumber], [PhoneNumberConfirmed], [TwoFactorEnabled], [LockoutEnd], [LockoutEnabled], [AccessFailedCount]) VALUES (N'4424d605-25db-401f-b3e6-d9df2c352443', NULL, 1, N'M', N'maria@gmail.com', N'MARIA@GMAIL.COM', N'maria@gmail.com', N'MARIA@GMAIL.COM', 0, N'AQAAAAEAACcQAAAAEJuXoxhMFO8Xinly1CaIZ2/n+xf8ISnQ+ezbyvyJWcYqW3ZCZnRYNkdBuCPjq6T/rA==', N'B5UTLACXGJSSN2R6N54WEXYJKYK2Q5PY', N'87694a1e-a8da-42b0-87ba-e921b4f1bd33', NULL, 0, 0, NULL, 1, 0)
GO
INSERT [dbo].[CovidXUser] ([Id], [Avatar], [IsActive], [UserType], [UserName], [NormalizedUserName], [Email], [NormalizedEmail], [EmailConfirmed], [PasswordHash], [SecurityStamp], [ConcurrencyStamp], [PhoneNumber], [PhoneNumberConfirmed], [TwoFactorEnabled], [LockoutEnd], [LockoutEnabled], [AccessFailedCount]) VALUES (N'4c4db0f4-fe93-4081-a378-eeaecc92f32b', NULL, 1, N'N', N'ArianaG@gmail.com', N'ARIANAG@GMAIL.COM', N'ArianaG@gmail.com', N'ARIANAG@GMAIL.COM', 0, N'AQAAAAEAACcQAAAAEB/eUGqwtTeKlTrRSvyUR7fLbfvtJ1zEbIrF2qO65XDePKM7foUacI0e7ugslWS27Q==', N'2K7YTEEGAKA3VCWVQEIEEAZNMHXPFGM4', N'a9888dbc-21c6-4044-bba1-a1b3936bc434', NULL, 0, 0, NULL, 1, 0)
GO
INSERT [dbo].[CovidXUser] ([Id], [Avatar], [IsActive], [UserType], [UserName], [NormalizedUserName], [Email], [NormalizedEmail], [EmailConfirmed], [PasswordHash], [SecurityStamp], [ConcurrencyStamp], [PhoneNumber], [PhoneNumberConfirmed], [TwoFactorEnabled], [LockoutEnd], [LockoutEnabled], [AccessFailedCount]) VALUES (N'6605428b-3b95-4072-9e26-23b357a21117', NULL, 1, N'N', N'marcel@gmail.com', N'MARCEL@GMAIL.COM', N'marcel@gmail.com', N'MARCEL@GMAIL.COM', 0, N'AQAAAAEAACcQAAAAEFLNoE+Gfdw3o8mIrTKtKM9P48lFpyLt+9qBzECa7pwEijes+2ss9qp7L8JbMsEetg==', N'YRXRRVP4BZTSGD5TJUEUOK4CSHSHR4QK', N'a7ce4a1a-97f2-402a-9bf8-0cbf4d4f54fc', NULL, 0, 0, NULL, 1, 0)
GO
INSERT [dbo].[CovidXUser] ([Id], [Avatar], [IsActive], [UserType], [UserName], [NormalizedUserName], [Email], [NormalizedEmail], [EmailConfirmed], [PasswordHash], [SecurityStamp], [ConcurrencyStamp], [PhoneNumber], [PhoneNumberConfirmed], [TwoFactorEnabled], [LockoutEnd], [LockoutEnabled], [AccessFailedCount]) VALUES (N'67395a1f-9011-4a3d-8c07-efec7d97b240', NULL, 1, N'P', N'karien@gmail.com', N'KARIEN@GMAIL.COM', N'karien@gmail.com', N'KARIEN@GMAIL.COM', 0, N'AQAAAAEAACcQAAAAEGJfiPUlOj8jNukM8Y5y+49Amd1UppDCpSiPI4QgO/sanccYAxjBA5aj2HpazVGWOg==', N'7WCZ6SDQL2CD5XJKJZXGKQL6HTPDUBGO', N'43e69511-b3b5-4c56-842f-d1aa17488295', NULL, 0, 0, NULL, 1, 0)
GO
INSERT [dbo].[CovidXUser] ([Id], [Avatar], [IsActive], [UserType], [UserName], [NormalizedUserName], [Email], [NormalizedEmail], [EmailConfirmed], [PasswordHash], [SecurityStamp], [ConcurrencyStamp], [PhoneNumber], [PhoneNumberConfirmed], [TwoFactorEnabled], [LockoutEnd], [LockoutEnabled], [AccessFailedCount]) VALUES (N'7c805a02-1b05-4def-b38d-0a91c402167c', NULL, 1, N'N', N'dorothy@gmail.com', N'DOROTHY@GMAIL.COM', N'dorothy@gmail.com', N'DOROTHY@GMAIL.COM', 0, N'AQAAAAEAACcQAAAAEDYlFnEpmKjIPk70b4/T7Rn1ywc+jsE7vdkrVkbOec9lq8s/WCq/zkVOoQbcVqCTLw==', N'XYFUMQHA3UKEIV7CWYAKT43XBZAUXVDU', N'c6bb05b9-22dd-410b-b812-d63017c2e7f9', NULL, 0, 0, NULL, 1, 0)
GO
INSERT [dbo].[CovidXUser] ([Id], [Avatar], [IsActive], [UserType], [UserName], [NormalizedUserName], [Email], [NormalizedEmail], [EmailConfirmed], [PasswordHash], [SecurityStamp], [ConcurrencyStamp], [PhoneNumber], [PhoneNumberConfirmed], [TwoFactorEnabled], [LockoutEnd], [LockoutEnabled], [AccessFailedCount]) VALUES (N'85474e3b-cf9c-4a05-8619-15b662452df2', NULL, 1, N'P', N'monster@gmail.com', N'MONSTER@GMAIL.COM', N'monster@gmail.com', N'MONSTER@GMAIL.COM', 0, N'AQAAAAEAACcQAAAAEMUSaQH1dg0LyFxH+Ip9ye1oyJyenEF6+C38nnTq0kuH38dqSTZm5iFqVQlWSjnPhg==', N'65X67GCAPXQPLW32IMCYTS2XAEBCMTUA', N'1b7c838d-3f49-44ba-8a02-7c1fdd9ce8a4', NULL, 0, 0, NULL, 1, 0)
GO
INSERT [dbo].[CovidXUser] ([Id], [Avatar], [IsActive], [UserType], [UserName], [NormalizedUserName], [Email], [NormalizedEmail], [EmailConfirmed], [PasswordHash], [SecurityStamp], [ConcurrencyStamp], [PhoneNumber], [PhoneNumberConfirmed], [TwoFactorEnabled], [LockoutEnd], [LockoutEnabled], [AccessFailedCount]) VALUES (N'b99be5c3-fb63-4c73-b846-83af447ff43e', NULL, 1, N'L', N'mandla@gmail.com', N'MANDLA@GMAIL.COM', N'mandla@gmail.com', N'MANDLA@GMAIL.COM', 0, N'AQAAAAEAACcQAAAAEDePAP87GcBXwZ2HYELBwk4smQu45ZW3GqrgWkr1l8DVsoXUyYHuJTzg3uhSUc/CVQ==', N'LMMBVCD47OV7GLCSOLSCTFOQNXNUVRKV', N'605a53c3-c302-4e2c-a07c-3012c47794cf', NULL, 0, 0, NULL, 1, 0)
GO
INSERT [dbo].[CovidXUser] ([Id], [Avatar], [IsActive], [UserType], [UserName], [NormalizedUserName], [Email], [NormalizedEmail], [EmailConfirmed], [PasswordHash], [SecurityStamp], [ConcurrencyStamp], [PhoneNumber], [PhoneNumberConfirmed], [TwoFactorEnabled], [LockoutEnd], [LockoutEnabled], [AccessFailedCount]) VALUES (N'bc6d851f-4321-4b32-86ec-6a305f3d77bb', NULL, 1, N'P', N'pulane@gmail.com', N'PULANE@GMAIL.COM', N'pulane@gmail.com', N'PULANE@GMAIL.COM', 0, N'AQAAAAEAACcQAAAAECctw7lyX1pIkZWyxkr5cugyuCiK44WpPZk6gDTe1LMrqqOz+QdVo9SarWw/Lyl2MQ==', N'74MVWH7NCX65DU56RGLOGNSD6IIET6M5', N'c58a803b-4c92-460b-80dc-76404241a294', NULL, 0, 0, NULL, 1, 0)
GO
INSERT [dbo].[CovidXUser] ([Id], [Avatar], [IsActive], [UserType], [UserName], [NormalizedUserName], [Email], [NormalizedEmail], [EmailConfirmed], [PasswordHash], [SecurityStamp], [ConcurrencyStamp], [PhoneNumber], [PhoneNumberConfirmed], [TwoFactorEnabled], [LockoutEnd], [LockoutEnabled], [AccessFailedCount]) VALUES (N'c6b10bd1-3b3d-471d-bc80-6124281b0ac1', NULL, 1, N'P', N'david@gmail.com', N'DAVID@GMAIL.COM', N'david@gmail.com', N'DAVID@GMAIL.COM', 0, N'AQAAAAEAACcQAAAAEJfaK1/NaW6wE1dagkYWyp4JFwf/4Qww2p1j/CW/1QooUJpGm3ZQ66NTJH5JRVP9vQ==', N'GNJAHYZAWPS5QHLBSCX5XGMIHLYBC3KQ', N'fbe96b1f-583b-4257-b1bc-187ed1534c73', NULL, 0, 0, NULL, 1, 0)
GO
INSERT [dbo].[CovidXUser] ([Id], [Avatar], [IsActive], [UserType], [UserName], [NormalizedUserName], [Email], [NormalizedEmail], [EmailConfirmed], [PasswordHash], [SecurityStamp], [ConcurrencyStamp], [PhoneNumber], [PhoneNumberConfirmed], [TwoFactorEnabled], [LockoutEnd], [LockoutEnabled], [AccessFailedCount]) VALUES (N'def67f92-1208-48d3-a001-fd66ed0ed827', NULL, 1, N'P', N'asha@gmail.com', N'ASHA@GMAIL.COM', N'asha@gmail.com', N'ASHA@GMAIL.COM', 0, N'AQAAAAEAACcQAAAAEEiBSQ4oDTHVvNKet5WwmTsR+Y/ayqChaF/J3wO9g5JbpzRizfBArbhJAS8p/XDNCQ==', N'YIJC7MYA7RFM2KFQ5C3UAOY22KC2IJOL', N'f0d4e7fd-1796-4cdb-899f-2620ec717480', NULL, 0, 0, NULL, 1, 0)
GO
INSERT [dbo].[CovidXUser] ([Id], [Avatar], [IsActive], [UserType], [UserName], [NormalizedUserName], [Email], [NormalizedEmail], [EmailConfirmed], [PasswordHash], [SecurityStamp], [ConcurrencyStamp], [PhoneNumber], [PhoneNumberConfirmed], [TwoFactorEnabled], [LockoutEnd], [LockoutEnabled], [AccessFailedCount]) VALUES (N'e36685da-9d7e-4caf-8cb8-b51962676845', NULL, 1, N'P', N'kopano@gmail.com', N'KOPANO@GMAIL.COM', N'kopano@gmail.com', N'KOPANO@GMAIL.COM', 0, N'AQAAAAEAACcQAAAAEFgYnJgdYmjBWMCfLttWWOmw8BNt3A9I7RKdWhs7UKvPUOzBZprGDtLB0e7/HRTihw==', N'2SXQVJNOQOYP35UO4XMH226UP6NGVP7D', N'b8d7bcb9-10bd-4c6d-9b52-e22a9bb4a7af', NULL, 0, 0, NULL, 1, 0)
GO
INSERT [dbo].[Roles] ([Id], [Name], [NormalizedName], [ConcurrencyStamp]) VALUES (N'306116f1-2072-44e7-899c-c4091beb1778', N'Manager', N'MANAGER', N'8173d9ed-b903-491e-9338-704b8c0200eb')
GO
INSERT [dbo].[Roles] ([Id], [Name], [NormalizedName], [ConcurrencyStamp]) VALUES (N'86106b3c-81e3-4361-b883-976ad47a86f8', N'Patient', N'PATIENT', N'33226511-7e1b-4646-8983-03b3fe17420a')
GO
INSERT [dbo].[Roles] ([Id], [Name], [NormalizedName], [ConcurrencyStamp]) VALUES (N'd7f8a4fe-8234-4061-95ba-cbd8ef683f26', N'LabUser', N'LABUSER', N'620583ab-a8ff-4445-928a-80b048f1b138')
GO
INSERT [dbo].[Roles] ([Id], [Name], [NormalizedName], [ConcurrencyStamp]) VALUES (N'e7304aad-757e-4367-a761-aee35d1af722', N'Nurse', N'NURSE', N'f7004f07-4cd5-4fdc-91d8-861c452f2e19')
GO
INSERT [dbo].[UserRoles] ([UserId], [RoleId]) VALUES (N'03c1b0d1-9f8d-466c-87a1-34da7a9b4fb2', N'306116f1-2072-44e7-899c-c4091beb1778')
GO
INSERT [dbo].[UserRoles] ([UserId], [RoleId]) VALUES (N'4424d605-25db-401f-b3e6-d9df2c352443', N'306116f1-2072-44e7-899c-c4091beb1778')
GO
INSERT [dbo].[UserRoles] ([UserId], [RoleId]) VALUES (N'a2ec1c87-15d7-40db-a3e6-daf1b25134d3', N'306116f1-2072-44e7-899c-c4091beb1778')
GO
INSERT [dbo].[UserRoles] ([UserId], [RoleId]) VALUES (N'03cec2e5-888a-4a7c-a435-03eb22b0fbe6', N'86106b3c-81e3-4361-b883-976ad47a86f8')
GO
INSERT [dbo].[UserRoles] ([UserId], [RoleId]) VALUES (N'1320196b-a77c-429c-b10e-bd2260e3979c', N'86106b3c-81e3-4361-b883-976ad47a86f8')
GO
INSERT [dbo].[UserRoles] ([UserId], [RoleId]) VALUES (N'233ca6e9-9697-4f03-9b01-d20e4db76b41', N'86106b3c-81e3-4361-b883-976ad47a86f8')
GO
INSERT [dbo].[UserRoles] ([UserId], [RoleId]) VALUES (N'2480d657-8235-4083-8ed5-85ed4bfd25fb', N'86106b3c-81e3-4361-b883-976ad47a86f8')
GO
INSERT [dbo].[UserRoles] ([UserId], [RoleId]) VALUES (N'30fb49a6-9b10-468b-9181-457568111ae1', N'86106b3c-81e3-4361-b883-976ad47a86f8')
GO
INSERT [dbo].[UserRoles] ([UserId], [RoleId]) VALUES (N'391f693d-644d-4935-95ae-c8e50062b987', N'86106b3c-81e3-4361-b883-976ad47a86f8')
GO
INSERT [dbo].[UserRoles] ([UserId], [RoleId]) VALUES (N'4021c065-e9dc-4eac-a55a-c4da9aa92ff3', N'86106b3c-81e3-4361-b883-976ad47a86f8')
GO
INSERT [dbo].[UserRoles] ([UserId], [RoleId]) VALUES (N'42412d47-3da8-4e21-beef-83555c3a7186', N'86106b3c-81e3-4361-b883-976ad47a86f8')
GO
INSERT [dbo].[UserRoles] ([UserId], [RoleId]) VALUES (N'67395a1f-9011-4a3d-8c07-efec7d97b240', N'86106b3c-81e3-4361-b883-976ad47a86f8')
GO
INSERT [dbo].[UserRoles] ([UserId], [RoleId]) VALUES (N'84bd0818-c57d-4884-a435-035a3aef7811', N'86106b3c-81e3-4361-b883-976ad47a86f8')
GO
INSERT [dbo].[UserRoles] ([UserId], [RoleId]) VALUES (N'85474e3b-cf9c-4a05-8619-15b662452df2', N'86106b3c-81e3-4361-b883-976ad47a86f8')
GO
INSERT [dbo].[UserRoles] ([UserId], [RoleId]) VALUES (N'bc6d851f-4321-4b32-86ec-6a305f3d77bb', N'86106b3c-81e3-4361-b883-976ad47a86f8')
GO
INSERT [dbo].[UserRoles] ([UserId], [RoleId]) VALUES (N'c6b10bd1-3b3d-471d-bc80-6124281b0ac1', N'86106b3c-81e3-4361-b883-976ad47a86f8')
GO
INSERT [dbo].[UserRoles] ([UserId], [RoleId]) VALUES (N'd6358982-2e23-4d76-8f07-0c4f5763d878', N'86106b3c-81e3-4361-b883-976ad47a86f8')
GO
INSERT [dbo].[UserRoles] ([UserId], [RoleId]) VALUES (N'def67f92-1208-48d3-a001-fd66ed0ed827', N'86106b3c-81e3-4361-b883-976ad47a86f8')
GO
INSERT [dbo].[UserRoles] ([UserId], [RoleId]) VALUES (N'e36685da-9d7e-4caf-8cb8-b51962676845', N'86106b3c-81e3-4361-b883-976ad47a86f8')
GO
INSERT [dbo].[UserRoles] ([UserId], [RoleId]) VALUES (N'eb22faf7-c7df-420e-a28f-f2f7792deee2', N'86106b3c-81e3-4361-b883-976ad47a86f8')
GO
INSERT [dbo].[UserRoles] ([UserId], [RoleId]) VALUES (N'b99be5c3-fb63-4c73-b846-83af447ff43e', N'd7f8a4fe-8234-4061-95ba-cbd8ef683f26')
GO
INSERT [dbo].[UserRoles] ([UserId], [RoleId]) VALUES (N'431f6523-88b4-463e-a09e-6e174e09f6fa', N'e7304aad-757e-4367-a761-aee35d1af722')
GO
INSERT [dbo].[UserRoles] ([UserId], [RoleId]) VALUES (N'4c4db0f4-fe93-4081-a378-eeaecc92f32b', N'e7304aad-757e-4367-a761-aee35d1af722')
GO
INSERT [dbo].[UserRoles] ([UserId], [RoleId]) VALUES (N'6605428b-3b95-4072-9e26-23b357a21117', N'e7304aad-757e-4367-a761-aee35d1af722')
GO
INSERT [dbo].[UserRoles] ([UserId], [RoleId]) VALUES (N'7c805a02-1b05-4def-b38d-0a91c402167c', N'e7304aad-757e-4367-a761-aee35d1af722')
GO
